{
  "meta": {
    "data": "gender.xlsx",
    "seed": 42,
    "n_train": 36652,
    "n_dev": 4545,
    "n_test": 3437,
    "label_counts_test": {
      "0": 1596,
      "1": 1841
    }
  },
  "baseline": {
    "logreg": {
      "macro_f1": 0.7952358874041492,
      "report": {
        "0": {
          "precision": 0.7585408222350898,
          "recall": 0.8208020050125313,
          "f1-score": 0.7884441769485405,
          "support": 1596.0
        },
        "1": {
          "precision": 0.8327485380116959,
          "recall": 0.7734926670287887,
          "f1-score": 0.8020275978597579,
          "support": 1841.0
        },
        "accuracy": 0.7954611579866162,
        "macro avg": {
          "precision": 0.7956446801233928,
          "recall": 0.79714733602066,
          "f1-score": 0.7952358874041492,
          "support": 3437.0
        },
        "weighted avg": {
          "precision": 0.7982895579769379,
          "recall": 0.7954611579866162,
          "f1-score": 0.7957200215506792,
          "support": 3437.0
        }
      },
      "confusion": [
        [
          1310,
          286
        ],
        [
          417,
          1424
        ]
      ]
    },
    "fasttext": {
      "macro_f1": 0.7887672576427839,
      "report": {
        "0": {
          "precision": 0.7542323409223585,
          "recall": 0.8095238095238095,
          "f1-score": 0.7809005741915986,
          "support": 1596.0
        },
        "1": {
          "precision": 0.8236658932714617,
          "recall": 0.7713199348180336,
          "f1-score": 0.7966339410939691,
          "support": 1841.0
        },
        "accuracy": 0.7890602269421007,
        "macro avg": {
          "precision": 0.7889491170969101,
          "recall": 0.7904218721709215,
          "f1-score": 0.7887672576427839,
          "support": 3437.0
        },
        "weighted avg": {
          "precision": 0.7914238363761551,
          "recall": 0.7890602269421007,
          "f1-score": 0.7893280191922573,
          "support": 3437.0
        }
      },
      "confusion": [
        [
          1292,
          304
        ],
        [
          421,
          1420
        ]
      ]
    }
  },
  "obfuscations": {
    "chained_light": {
      "logreg": {
        "macro_f1": 0.6025415419724238,
        "report": {
          "0": {
            "precision": 0.5559149722735675,
            "recall": 0.7537593984962406,
            "f1-score": 0.6398936170212766,
            "support": 1596.0
          },
          "1": {
            "precision": 0.6912804399057345,
            "recall": 0.4780010863661054,
            "f1-score": 0.565189466923571,
            "support": 1841.0
          },
          "accuracy": 0.6060517893511783,
          "macro avg": {
            "precision": 0.6235977060896509,
            "recall": 0.615880242431173,
            "f1-score": 0.6025415419724238,
            "support": 3437.0
          },
          "weighted avg": {
            "precision": 0.6284223408830582,
            "recall": 0.6060517893511783,
            "f1-score": 0.5998789704312631,
            "support": 3437.0
          }
        },
        "confusion": [
          [
            1203,
            393
          ],
          [
            961,
            880
          ]
        ]
      },
      "fasttext": {
        "macro_f1": 0.5675032090735442,
        "report": {
          "0": {
            "precision": 0.535,
            "recall": 0.8715538847117794,
            "f1-score": 0.6630123927550048,
            "support": 1596.0
          },
          "1": {
            "precision": 0.7550776583034647,
            "recall": 0.3432916892992939,
            "f1-score": 0.4719940253920836,
            "support": 1841.0
          },
          "accuracy": 0.5885947046843177,
          "macro avg": {
            "precision": 0.6450388291517324,
            "recall": 0.6074227870055366,
            "f1-score": 0.5675032090735442,
            "support": 3437.0
          },
          "weighted avg": {
            "precision": 0.6528827375434038,
            "recall": 0.5885947046843177,
            "f1-score": 0.5606950187907517,
            "support": 3437.0
          }
        },
        "confusion": [
          [
            1391,
            205
          ],
          [
            1209,
            632
          ]
        ]
      }
    }
  }
}