{
  "meta": {
    "data": "gender.xlsx",
    "seed": 42,
    "n_train": 36652,
    "n_dev": 4545,
    "n_test": 3437,
    "label_counts_test": {
      "0": 1596,
      "1": 1841
    }
  },
  "baseline": {
    "logreg": {
      "macro_f1": 0.7952358874041492,
      "report": {
        "0": {
          "precision": 0.7585408222350898,
          "recall": 0.8208020050125313,
          "f1-score": 0.7884441769485405,
          "support": 1596.0
        },
        "1": {
          "precision": 0.8327485380116959,
          "recall": 0.7734926670287887,
          "f1-score": 0.8020275978597579,
          "support": 1841.0
        },
        "accuracy": 0.7954611579866162,
        "macro avg": {
          "precision": 0.7956446801233928,
          "recall": 0.79714733602066,
          "f1-score": 0.7952358874041492,
          "support": 3437.0
        },
        "weighted avg": {
          "precision": 0.7982895579769379,
          "recall": 0.7954611579866162,
          "f1-score": 0.7957200215506792,
          "support": 3437.0
        }
      },
      "confusion": [
        [
          1310,
          286
        ],
        [
          417,
          1424
        ]
      ]
    },
    "fasttext": {
      "macro_f1": 0.7892034080019734,
      "report": {
        "0": {
          "precision": 0.7491428571428571,
          "recall": 0.8214285714285714,
          "f1-score": 0.7836222355050807,
          "support": 1596.0
        },
        "1": {
          "precision": 0.8310610551274452,
          "recall": 0.7615426398696361,
          "f1-score": 0.7947845804988662,
          "support": 1841.0
        },
        "accuracy": 0.789351178353215,
        "macro avg": {
          "precision": 0.7901019561351512,
          "recall": 0.7914856056491038,
          "f1-score": 0.7892034080019734,
          "support": 3437.0
        },
        "weighted avg": {
          "precision": 0.7930216475093473,
          "recall": 0.789351178353215,
          "f1-score": 0.7896012512553161,
          "support": 3437.0
        }
      },
      "confusion": [
        [
          1311,
          285
        ],
        [
          439,
          1402
        ]
      ]
    }
  },
  "obfuscations": {
    "lexical_remove": {
      "logreg": {
        "macro_f1": 0.7535638210022506,
        "report": {
          "0": {
            "precision": 0.703864997278171,
            "recall": 0.8101503759398496,
            "f1-score": 0.7532770171861346,
            "support": 1596.0
          },
          "1": {
            "precision": 0.810625,
            "recall": 0.7045084193373167,
            "f1-score": 0.7538506248183667,
            "support": 1841.0
          },
          "accuracy": 0.7535641547861507,
          "macro avg": {
            "precision": 0.7572449986390855,
            "recall": 0.7573293976385831,
            "f1-score": 0.7535638210022506,
            "support": 3437.0
          },
          "weighted avg": {
            "precision": 0.7610500903857903,
            "recall": 0.7535641547861507,
            "f1-score": 0.7535842652661285,
            "support": 3437.0
          }
        },
        "confusion": [
          [
            1293,
            303
          ],
          [
            544,
            1297
          ]
        ]
      },
      "fasttext": {
        "macro_f1": 0.747160141625733,
        "report": {
          "0": {
            "precision": 0.6961683756071236,
            "recall": 0.8082706766917294,
            "f1-score": 0.7480429109886924,
            "support": 1596.0
          },
          "1": {
            "precision": 0.8068181818181818,
            "recall": 0.6941879413362303,
            "f1-score": 0.7462773722627737,
            "support": 1841.0
          },
          "accuracy": 0.7471632237416351,
          "macro avg": {
            "precision": 0.7514932787126527,
            "recall": 0.7512293090139799,
            "f1-score": 0.747160141625733,
            "support": 3437.0
          },
          "weighted avg": {
            "precision": 0.7554370090765906,
            "recall": 0.7471632237416351,
            "f1-score": 0.7470972150927319,
            "support": 3437.0
          }
        },
        "confusion": [
          [
            1290,
            306
          ],
          [
            563,
            1278
          ]
        ]
      }
    },
    "char_visual": {
      "logreg": {
        "macro_f1": 0.7535596816220758,
        "report": {
          "0": {
            "precision": 0.6913265306122449,
            "recall": 0.8489974937343359,
            "f1-score": 0.7620922384701913,
            "support": 1596.0
          },
          "1": {
            "precision": 0.8368314150304672,
            "recall": 0.6713742531233026,
            "f1-score": 0.7450271247739603,
            "support": 1841.0
          },
          "accuracy": 0.753855106197265,
          "macro avg": {
            "precision": 0.7640789728213561,
            "recall": 0.7601858734288192,
            "f1-score": 0.7535596816220758,
            "support": 3437.0
          },
          "weighted avg": {
            "precision": 0.7692649921234311,
            "recall": 0.753855106197265,
            "f1-score": 0.7529514545555095,
            "support": 3437.0
          }
        },
        "confusion": [
          [
            1355,
            241
          ],
          [
            605,
            1236
          ]
        ]
      },
      "fasttext": {
        "macro_f1": 0.694312809904772,
        "report": {
          "0": {
            "precision": 0.6222414539160537,
            "recall": 0.9010025062656641,
            "f1-score": 0.736114665984131,
            "support": 1596.0
          },
          "1": {
            "precision": 0.8596802841918295,
            "recall": 0.5258011950027159,
            "f1-score": 0.6525109538254129,
            "support": 1841.0
          },
          "accuracy": 0.7000290951411114,
          "macro avg": {
            "precision": 0.7409608690539415,
            "recall": 0.71340185063419,
            "f1-score": 0.694312809904772,
            "support": 3437.0
          },
          "weighted avg": {
            "precision": 0.7494235564873959,
            "recall": 0.7000290951411114,
            "f1-score": 0.6913330441964674,
            "support": 3437.0
          }
        },
        "confusion": [
          [
            1438,
            158
          ],
          [
            873,
            968
          ]
        ]
      }
    },
    "high_weight_sub": {
      "logreg": {
        "macro_f1": 0.7276379152697349,
        "report": {
          "0": {
            "precision": 0.6757188498402555,
            "recall": 0.7951127819548872,
            "f1-score": 0.7305699481865285,
            "support": 1596.0
          },
          "1": {
            "precision": 0.7902501603592046,
            "recall": 0.6692015209125475,
            "f1-score": 0.7247058823529412,
            "support": 1841.0
          },
          "accuracy": 0.7276694791969741,
          "macro avg": {
            "precision": 0.7329845050997301,
            "recall": 0.7321571514337173,
            "f1-score": 0.7276379152697349,
            "support": 3437.0
          },
          "weighted avg": {
            "precision": 0.7370665782852323,
            "recall": 0.7276694791969741,
            "f1-score": 0.7274289108866641,
            "support": 3437.0
          }
        },
        "confusion": [
          [
            1269,
            327
          ],
          [
            609,
            1232
          ]
        ]
      },
      "fasttext": {
        "macro_f1": 0.7133420993114934,
        "report": {
          "0": {
            "precision": 0.6612137203166227,
            "recall": 0.7850877192982456,
            "f1-score": 0.7178458894299627,
            "support": 1596.0
          },
          "1": {
            "precision": 0.7775616083009079,